{
  "fitnesses": {
    "0": 0,
    "2068": 0.000001,
    "42517": 0.000002
  }
}